
{
   "allowSleep" : true,
   "autoClearForces" : true,
   "body" : 
   [
      
      {
         "angle" : 0,
         "angularVelocity" : 0,
         "awake" : true,
         "bullet" : true,
         "fixture" : 
         [
            
            {
               "density" : 1,
               "friction" : 0.2000000029802322,
               "name" : "fixture4",
               "polygon" : 
               {
                  "vertices" : 
                  {
                     "x" : 
                     [
                        0.1925508975982666,
                        0.1925508975982666,
                        -0.1925510168075562,
                        -0.1925510168075562
                     ],
                     "y" : 
                     [
                        -0.1925506591796875,
                        0.1925511360168457,
                        0.1925511360168457,
                        -0.1925506591796875
                     ]
                  }
               }
            }
         ],
         "linearVelocity" : 0,
         "massData-I" : 0.003665651660412550,
         "massData-center" : 
         {
            "x" : -5.960464477539062e-08,
            "y" : 2.384185791015625e-07
         },
         "massData-mass" : 0.1483034342527390,
         "name" : "body4",
         "position" : 
         {
            "x" : -0.2475004196166992,
            "y" : 6.124625682830811
         },
         "type" : 2
      },
      
      {
         "angle" : 0,
         "angularVelocity" : 0,
         "awake" : true,
         "bullet" : true,
         "fixture" : 
         [
            
            {
               "density" : 1,
               "friction" : 0.2000000029802322,
               "name" : "fixture4",
               "polygon" : 
               {
                  "vertices" : 
                  {
                     "x" : 
                     [
                        0.1925508975982666,
                        0.1925508975982666,
                        -0.1925510168075562,
                        -0.1925510168075562
                     ],
                     "y" : 
                     [
                        -0.1925506591796875,
                        0.1925511360168457,
                        0.1925511360168457,
                        -0.1925506591796875
                     ]
                  }
               }
            }
         ],
         "linearVelocity" : 0,
         "massData-I" : 0.003665651660412550,
         "massData-center" : 
         {
            "x" : -5.960464477539062e-08,
            "y" : 2.384185791015625e-07
         },
         "massData-mass" : 0.1483034342527390,
         "name" : "body4",
         "position" : 
         {
            "x" : 0.8224613666534424,
            "y" : 7.171597003936768
         },
         "type" : 2
      },
      
      {
         "angle" : 0.2005670964717865,
         "angularVelocity" : 0,
         "awake" : true,
         "fixture" : 
         [
            
            {
               "density" : 1,
               "filter-maskBits" : 65534,
               "friction" : 0.2000000029802322,
               "name" : "fixture3",
               "polygon" : 
               {
                  "vertices" : 
                  {
                     "x" : [ 0.1502421647310257, -0.01993593201041222, -0.1303062438964844 ],
                     "y" : [ -0.06372230499982834, 0.1619748026132584, -0.09825249016284943 ]
                  }
               }
            }
         ],
         "linearVelocity" : 0,
         "massData-I" : 0.0002303618966834620,
         "massData-center" : 
         {
            "x" : -4.546449439146727e-09,
            "y" : 5.848362683025243e-09
         },
         "massData-mass" : 0.03459762409329414,
         "name" : "body3",
         "position" : 
         {
            "x" : -3.897659301757812,
            "y" : 2.458313941955566
         },
         "type" : 2
      },
      
      {
         "angle" : 1.570796251296997,
         "angularVelocity" : 0,
         "awake" : true,
         "fixture" : 
         [
            
            {
               "density" : 1,
               "friction" : 0.2000000029802322,
               "name" : "post2",
               "polygon" : 
               {
                  "vertices" : 
                  {
                     "x" : 
                     [
                        0.4637570083141327,
                        0.4632309973239899,
                        0.2057690024375916,
                        -1.730592727661133,
                        -1.730530977249146,
                        0.2066899985074997
                     ],
                     "y" : 
                     [
                        -0.02938009984791279,
                        0.07537230104207993,
                        0.1103470027446747,
                        0.1062169671058655,
                        -0.04790276288986206,
                        -0.05619499832391739
                     ]
                  }
               }
            },
            
            {
               "circle" : 
               {
                  "center" : 
                  {
                     "x" : 0.5532090067863464,
                     "y" : 0.02383629977703094
                  },
                  "radius" : 0.1033563390374184
               },
               "density" : 1,
               "friction" : 0.2000000029802322,
               "name" : "swivel2"
            }
         ],
         "linearVelocity" : 0,
         "name" : "post2",
         "position" : 
         {
            "x" : -4.507320880889893,
            "y" : 2.308962106704712
         },
         "type" : 0
      },
      
      {
         "angle" : 3.141592502593994,
         "angularVelocity" : 0,
         "awake" : true,
         "fixture" : 
         [
            
            {
               "density" : 1,
               "friction" : 0.2000000029802322,
               "name" : "fixture1",
               "polygon" : 
               {
                  "vertices" : 
                  {
                     "x" : 
                     [
                        0.4084295928478241,
                        0.4003620147705078,
                        0.3176679611206055,
                        0.1744649410247803,
                        -0.3126252591609955,
                        -0.3126251995563507,
                        0.1542956382036209,
                        0.3297693431377411
                     ],
                     "y" : 
                     [
                        -0.3241325914859772,
                        -0.1506761610507965,
                        -0.01554122008383274,
                        0.08530579507350922,
                        0.01354770082980394,
                        -0.5486067533493042,
                        -0.5459958314895630,
                        -0.4814538061618805
                     ]
                  }
               }
            },
            
            {
               "density" : 1,
               "friction" : 0.2000000029802322,
               "name" : "fixture1",
               "polygon" : 
               {
                  "vertices" : 
                  {
                     "x" : 
                     [
                        0.3084135353565216,
                        0.2743034660816193,
                        0.1059930771589279,
                        -0.3126253485679626,
                        -0.3126252591609955,
                        0.1744649410247803,
                        0.2832443714141846
                     ],
                     "y" : 
                     [
                        0.3509471714496613,
                        0.4961664378643036,
                        0.6012272238731384,
                        0.5992101430892944,
                        0.01354770082980394,
                        0.08530579507350922,
                        0.1939616650342941
                     ]
                  }
               }
            }
         ],
         "gravityScale" : 0,
         "linearVelocity" : 0,
         "massData-I" : 0.09979983419179916,
         "massData-center" : 
         {
            "x" : 0.0009620151831768453,
            "y" : 0.004215829540044069
         },
         "massData-mass" : 0.7095975279808044,
         "name" : "body1",
         "position" : 
         {
            "x" : 6.126918792724609,
            "y" : 5.781123161315918
         },
         "type" : 2
      },
      
      {
         "angle" : 0,
         "angularVelocity" : 0,
         "awake" : true,
         "fixture" : 
         [
            
            {
               "density" : 1,
               "friction" : 0.2000000029802322,
               "name" : "fixture2",
               "polygon" : 
               {
                  "vertices" : 
                  {
                     "x" : 
                     [
                        0.4301338195800781,
                        0.4301338195800781,
                        -0.4301342964172363,
                        -0.4301342964172363
                     ],
                     "y" : 
                     [
                        -0.06462907791137695,
                        0.07530632615089417,
                        0.07530632615089417,
                        -0.06462907791137695
                     ]
                  }
               }
            }
         ],
         "linearVelocity" : 0,
         "massData-I" : 0.007624042220413685,
         "massData-center" : 
         {
            "x" : -2.384185791015625e-07,
            "y" : 0.005338624119758606
         },
         "massData-mass" : 0.1203819662332535,
         "name" : "body2",
         "position" : 
         {
            "x" : 3.605722904205322,
            "y" : 0.5027146339416504
         },
         "type" : 2
      },
      
      {
         "angle" : 0,
         "angularVelocity" : 0,
         "awake" : true,
         "fixture" : 
         [
            
            {
               "density" : 1,
               "friction" : 0.2000000029802322,
               "name" : "fixture1",
               "polygon" : 
               {
                  "vertices" : 
                  {
                     "x" : 
                     [
                        0.4084295928478241,
                        0.4003620147705078,
                        0.3176679611206055,
                        0.1744649410247803,
                        -0.3126252591609955,
                        -0.3126251995563507,
                        0.1542956382036209,
                        0.3297693431377411
                     ],
                     "y" : 
                     [
                        -0.3241325914859772,
                        -0.1506761610507965,
                        -0.01554122008383274,
                        0.08530579507350922,
                        0.01354770082980394,
                        -0.5486067533493042,
                        -0.5459958314895630,
                        -0.4814538061618805
                     ]
                  }
               }
            },
            
            {
               "density" : 1,
               "friction" : 0.2000000029802322,
               "name" : "fixture1",
               "polygon" : 
               {
                  "vertices" : 
                  {
                     "x" : 
                     [
                        0.3084135353565216,
                        0.2743034660816193,
                        0.1059930771589279,
                        -0.3126253485679626,
                        -0.3126252591609955,
                        0.1744649410247803,
                        0.2832443714141846
                     ],
                     "y" : 
                     [
                        0.3509471714496613,
                        0.4961664378643036,
                        0.6012272238731384,
                        0.5992101430892944,
                        0.01354770082980394,
                        0.08530579507350922,
                        0.1939616650342941
                     ]
                  }
               }
            }
         ],
         "linearVelocity" : 0,
         "massData-I" : 0.09979983419179916,
         "massData-center" : 
         {
            "x" : 0.0009620151831768453,
            "y" : 0.004215829540044069
         },
         "massData-mass" : 0.7095975279808044,
         "name" : "body1",
         "position" : 
         {
            "x" : -1.733211517333984,
            "y" : 5.911074161529541
         },
         "type" : 2
      },
      
      {
         "angle" : -1.570796251296997,
         "angularVelocity" : 0,
         "awake" : true,
         "fixture" : 
         [
            
            {
               "density" : 1,
               "friction" : 0.2000000029802322,
               "name" : "fixture1",
               "polygon" : 
               {
                  "vertices" : 
                  {
                     "x" : 
                     [
                        0.4084295928478241,
                        0.4003620147705078,
                        0.3176679611206055,
                        0.1744649410247803,
                        -0.3126252591609955,
                        -0.3126251995563507,
                        0.1542956382036209,
                        0.3297693431377411
                     ],
                     "y" : 
                     [
                        -0.3241325914859772,
                        -0.1506761610507965,
                        -0.01554122008383274,
                        0.08530579507350922,
                        0.01354770082980394,
                        -0.5486067533493042,
                        -0.5459958314895630,
                        -0.4814538061618805
                     ]
                  }
               }
            },
            
            {
               "density" : 1,
               "friction" : 0.2000000029802322,
               "name" : "fixture1",
               "polygon" : 
               {
                  "vertices" : 
                  {
                     "x" : 
                     [
                        0.3084135353565216,
                        0.2743034660816193,
                        0.1059930771589279,
                        -0.3126253485679626,
                        -0.3126252591609955,
                        0.1744649410247803,
                        0.2832443714141846
                     ],
                     "y" : 
                     [
                        0.3509471714496613,
                        0.4961664378643036,
                        0.6012272238731384,
                        0.5992101430892944,
                        0.01354770082980394,
                        0.08530579507350922,
                        0.1939616650342941
                     ]
                  }
               }
            }
         ],
         "gravityScale" : 0,
         "linearVelocity" : 0,
         "massData-I" : 0.09979983419179916,
         "massData-center" : 
         {
            "x" : 0.0009620151831768453,
            "y" : 0.004215829540044069
         },
         "massData-mass" : 0.7095975279808044,
         "name" : "body1",
         "position" : 
         {
            "x" : 0.6775276660919189,
            "y" : 4.893884181976318
         },
         "type" : 2
      },
      
      {
         "angle" : 0,
         "angularVelocity" : 0,
         "awake" : true,
         "fixture" : 
         [
            
            {
               "density" : 1,
               "friction" : 0.2000000029802322,
               "name" : "fixture4",
               "polygon" : 
               {
                  "vertices" : 
                  {
                     "x" : 
                     [
                        0.1536207199096680,
                        0.1536207199096680,
                        -0.1536207199096680,
                        -0.1536207199096680
                     ],
                     "y" : 
                     [
                        -0.1536209583282471,
                        0.1536209583282471,
                        0.1536209583282471,
                        -0.1536209583282471
                     ]
                  }
               }
            }
         ],
         "linearVelocity" : 0,
         "massData-I" : 0.001485146465711296,
         "massData-mass" : 0.09439744800329208,
         "name" : "body4",
         "position" : 
         {
            "x" : 3.182567119598389,
            "y" : 1.672778129577637
         },
         "type" : 2
      },
      
      {
         "angle" : 0,
         "angularVelocity" : 0,
         "awake" : true,
         "fixture" : 
         [
            
            {
               "density" : 1,
               "friction" : 0.2000000029802322,
               "name" : "ground",
               "polygon" : 
               {
                  "vertices" : 
                  {
                     "x" : 
                     [
                        4.441990375518799,
                        4.441990375518799,
                        -4.885054111480713,
                        -4.900267601013184
                     ],
                     "y" : 
                     [
                        -0.08383715897798538,
                        0.06462776660919189,
                        0.06462776660919189,
                        -1.118796229362488
                     ]
                  }
               }
            },
            
            {
               "density" : 1,
               "friction" : 0.2000000029802322,
               "name" : "ground",
               "polygon" : 
               {
                  "vertices" : 
                  {
                     "x" : 
                     [
                        7.589622020721436,
                        5.317830085754395,
                        4.441990375518799,
                        -4.900267601013184
                     ],
                     "y" : 
                     [
                        -1.039746165275574,
                        -0.08383720368146896,
                        -0.08383715897798538,
                        -1.118796229362488
                     ]
                  }
               }
            },
            
            {
               "density" : 1,
               "friction" : 0.2000000029802322,
               "name" : "ground",
               "polygon" : 
               {
                  "vertices" : 
                  {
                     "x" : 
                     [
                        7.615073204040527,
                        6.166895866394043,
                        5.317830085754395,
                        7.589622020721436
                     ],
                     "y" : 
                     [
                        2.137777566909790,
                        1.999533534049988,
                        -0.08383720368146896,
                        -1.039746165275574
                     ]
                  }
               }
            },
            
            {
               "density" : 1,
               "friction" : 0.2000000029802322,
               "name" : "ground",
               "polygon" : 
               {
                  "vertices" : 
                  {
                     "x" : [ 7.615073204040527, 6.166895866394043, 6.166895866394043 ],
                     "y" : [ 2.137777566909790, 2.137777566909790, 1.999533534049988 ]
                  }
               }
            }
         ],
         "linearVelocity" : 0,
         "name" : "ground",
         "position" : 
         {
            "x" : -1.271244406700134,
            "y" : 0.5137042999267578
         },
         "type" : 0
      },
      
      {
         "angle" : 0,
         "angularVelocity" : 0,
         "awake" : true,
         "fixture" : 
         [
            
            {
               "density" : 1,
               "friction" : 0.2000000029802322,
               "name" : "centerbeam",
               "polygon" : 
               {
                  "vertices" : 
                  {
                     "x" : [ 0.50, 0.50, -0.50, -0.50 ],
                     "y" : 
                     [
                        -0.06216410174965858,
                        0.06216380000114441,
                        0.06216380000114441,
                        -0.06216410174965858
                     ]
                  }
               }
            },
            
            {
               "density" : 1,
               "friction" : 0.2000000029802322,
               "name" : "pentagon",
               "polygon" : 
               {
                  "vertices" : 
                  {
                     "x" : 
                     [
                        0.8000000119209290,
                        0.5927050113677979,
                        0.2572950124740601,
                        0.2572950124740601,
                        0.5927050113677979
                     ],
                     "y" : 
                     [
                        -2.384190054272040e-07,
                        0.2853170037269592,
                        0.1763350069522858,
                        -0.1763360053300858,
                        -0.2853170037269592
                     ]
                  }
               }
            },
            
            {
               "circle" : 
               {
                  "center" : 
                  {
                     "x" : -0.50,
                     "y" : -2.384185791015625e-07
                  },
                  "radius" : 0.3260230720043182
               },
               "density" : 1,
               "friction" : 0.2000000029802322,
               "name" : "circle"
            }
         ],
         "linearVelocity" : 0,
         "massData-I" : 0.1726565659046173,
         "massData-center" : 
         {
            "x" : -0.08920601010322571,
            "y" : -2.080120395930862e-07
         },
         "massData-mass" : 0.6722387075424194,
         "name" : "rotor",
         "position" : 
         {
            "x" : -4.531157493591309,
            "y" : 2.862170934677124
         },
         "type" : 2
      },
      
      {
         "angle" : 0,
         "angularVelocity" : 0,
         "awake" : true,
         "fixture" : 
         [
            
            {
               "circle" : 
               {
                  "center" : 0,
                  "radius" : 0.1414152383804321
               },
               "density" : 1.750,
               "friction" : 0.2000000029802322,
               "name" : "fixture0"
            }
         ],
         "linearVelocity" : 0,
         "massData-I" : 0.001099367160350084,
         "massData-mass" : 0.1099462360143661,
         "name" : "body0",
         "position" : 
         {
            "x" : 0.4082440137863159,
            "y" : 1.386623144149780
         },
         "type" : 2
      },
      
      {
         "angle" : 0,
         "angularVelocity" : -1.570796370506287,
         "awake" : true,
         "fixture" : 
         [
            
            {
               "density" : 1,
               "friction" : 0.2000000029802322,
               "name" : "fixture4",
               "polygon" : 
               {
                  "vertices" : 
                  {
                     "x" : 
                     [
                        0.06659412384033203,
                        0.06659412384033203,
                        -0.06659317016601562,
                        -0.06659317016601562
                     ],
                     "y" : 
                     [
                        -0.06659284234046936,
                        0.06659290194511414,
                        0.06659290194511414,
                        -0.06659284234046936
                     ]
                  }
               }
            }
         ],
         "linearVelocity" : 
         {
            "x" : -5.0,
            "y" : 10.0
         },
         "massData-I" : 5.244327985565178e-05,
         "massData-center" : 
         {
            "x" : 4.768371582031250e-07,
            "y" : 2.980232238769531e-08
         },
         "massData-mass" : 0.01773864962160587,
         "name" : "body4",
         "position" : 
         {
            "x" : 10.84036636352539,
            "y" : 0.1119330525398254
         },
         "type" : 2
      },
      
      {
         "angle" : 0,
         "angularVelocity" : 0,
         "awake" : true,
         "fixture" : 
         [
            
            {
               "density" : 1,
               "friction" : 0.2000000029802322,
               "name" : "fixture1",
               "polygon" : 
               {
                  "vertices" : 
                  {
                     "x" : 
                     [
                        0.5179870724678040,
                        0.2084645181894302,
                        0.1874718815088272,
                        0.2622436881065369
                     ],
                     "y" : 
                     [
                        -0.5179870128631592,
                        0.7921500205993652,
                        -0.1745815277099609,
                        -0.5179870128631592
                     ]
                  }
               }
            },
            
            {
               "density" : 1,
               "friction" : 0.2000000029802322,
               "name" : "fixture1",
               "polygon" : 
               {
                  "vertices" : 
                  {
                     "x" : 
                     [
                        0.2084645181894302,
                        -0.2084645181894302,
                        -0.1676947921514511,
                        0.1874718815088272
                     ],
                     "y" : 
                     [
                        0.7921500205993652,
                        0.7921500205993652,
                        -0.1745815277099609,
                        -0.1745815277099609
                     ]
                  }
               }
            },
            
            {
               "density" : 1,
               "friction" : 0.2000000029802322,
               "name" : "fixture1",
               "polygon" : 
               {
                  "vertices" : 
                  {
                     "x" : 
                     [
                        -0.1676947921514511,
                        -0.2084645181894302,
                        -0.5179870724678040,
                        -0.2237733006477356
                     ],
                     "y" : 
                     [
                        -0.1745815277099609,
                        0.7921500205993652,
                        -0.5179870128631592,
                        -0.5179870128631592
                     ]
                  }
               }
            }
         ],
         "linearVelocity" : 0,
         "name" : "body1",
         "position" : 
         {
            "x" : -2.130704402923584,
            "y" : 2.238151311874390
         },
         "type" : 0
      },
      
      {
         "angle" : 0,
         "angularVelocity" : 0,
         "awake" : true,
         "fixture" : 
         [
            
            {
               "density" : 1,
               "friction" : 0.2000000029802322,
               "name" : "fixture4",
               "polygon" : 
               {
                  "vertices" : 
                  {
                     "x" : 
                     [
                        0.1536207199096680,
                        0.1536207199096680,
                        -0.1536207199096680,
                        -0.1536207199096680
                     ],
                     "y" : 
                     [
                        -0.1536209583282471,
                        0.1536209583282471,
                        0.1536209583282471,
                        -0.1536209583282471
                     ]
                  }
               }
            }
         ],
         "linearVelocity" : 0,
         "massData-I" : 0.001485146465711296,
         "massData-mass" : 0.09439744800329208,
         "name" : "body4",
         "position" : 
         {
            "x" : 3.357499122619629,
            "y" : 2.036308765411377
         },
         "type" : 2
      },
      
      {
         "angle" : 0,
         "angularVelocity" : 0,
         "awake" : true,
         "fixture" : 
         [
            
            {
               "density" : 1,
               "friction" : 0.2000000029802322,
               "name" : "fixture1",
               "polygon" : 
               {
                  "vertices" : 
                  {
                     "x" : 
                     [
                        0.5179870724678040,
                        0.2084645181894302,
                        0.1874718815088272,
                        0.2622436881065369
                     ],
                     "y" : 
                     [
                        -0.5179870128631592,
                        0.7921500205993652,
                        -0.1745815277099609,
                        -0.5179870128631592
                     ]
                  }
               }
            },
            
            {
               "density" : 1,
               "friction" : 0.2000000029802322,
               "name" : "fixture1",
               "polygon" : 
               {
                  "vertices" : 
                  {
                     "x" : 
                     [
                        0.2084645181894302,
                        -0.2084645181894302,
                        -0.1676947921514511,
                        0.1874718815088272
                     ],
                     "y" : 
                     [
                        0.7921500205993652,
                        0.7921500205993652,
                        -0.1745815277099609,
                        -0.1745815277099609
                     ]
                  }
               }
            },
            
            {
               "density" : 1,
               "friction" : 0.2000000029802322,
               "name" : "fixture1",
               "polygon" : 
               {
                  "vertices" : 
                  {
                     "x" : 
                     [
                        -0.1676947921514511,
                        -0.2084645181894302,
                        -0.5179870724678040,
                        -0.2237733006477356
                     ],
                     "y" : 
                     [
                        -0.1745815277099609,
                        0.7921500205993652,
                        -0.5179870128631592,
                        -0.5179870128631592
                     ]
                  }
               }
            }
         ],
         "linearVelocity" : 0,
         "massData-I" : 0.1573566496372223,
         "massData-center" : 
         {
            "x" : -0.002648548455908895,
            "y" : 0.1154704317450523
         },
         "massData-mass" : 0.8073176145553589,
         "name" : "body1",
         "position" : 
         {
            "x" : 0.01304376125335693,
            "y" : 2.076836109161377
         },
         "type" : 2
      },
      
      {
         "angle" : 0,
         "angularDamping" : 2.0,
         "angularVelocity" : 0,
         "awake" : true,
         "fixture" : 
         [
            
            {
               "density" : 1,
               "friction" : 0.2000000029802322,
               "name" : "planter",
               "polygon" : 
               {
                  "vertices" : 
                  {
                     "x" : 
                     [
                        -0.1006264686584473,
                        -0.1466803550720215,
                        -0.1841101646423340,
                        -0.2402482032775879,
                        -0.1754436492919922
                     ],
                     "y" : 
                     [
                        0.1464576721191406,
                        0.1468932628631592,
                        0.1039314270019531,
                        -0.1326508522033691,
                        -0.1080832481384277
                     ]
                  }
               }
            },
            
            {
               "density" : 1,
               "friction" : 0.2000000029802322,
               "name" : "planter",
               "polygon" : 
               {
                  "vertices" : 
                  {
                     "x" : 
                     [
                        -0.1006264686584473,
                        -0.1355947554111481,
                        -0.2008419036865234,
                        -0.1837353706359863,
                        -0.1466803550720215
                     ],
                     "y" : 
                     [
                        0.1464576721191406,
                        0.2489907443523407,
                        0.2495672702789307,
                        0.1894023418426514,
                        0.1468932628631592
                     ]
                  }
               }
            },
            
            {
               "density" : 1,
               "friction" : 0.2000000029802322,
               "name" : "planter",
               "polygon" : 
               {
                  "vertices" : 
                  {
                     "x" : 
                     [
                        -0.002806186676025391,
                        -0.004665136337280273,
                        -0.1754436492919922,
                        -0.2402482032775879,
                        -0.1560273170471191
                     ],
                     "y" : 
                     [
                        -0.2605862617492676,
                        -0.2016048431396484,
                        -0.1080832481384277,
                        -0.1326508522033691,
                        -0.2161054611206055
                     ]
                  }
               }
            },
            
            {
               "density" : 1,
               "friction" : 0.2000000029802322,
               "name" : "planter",
               "polygon" : 
               {
                  "vertices" : 
                  {
                     "x" : 
                     [
                        0.2367107868194580,
                        0.1693661212921143,
                        -0.004665136337280273,
                        -0.002806186676025391,
                        0.1520760059356689
                     ],
                     "y" : 
                     [
                        -0.1368653774261475,
                        -0.1162157058715820,
                        -0.2016048431396484,
                        -0.2605862617492676,
                        -0.2182986736297607
                     ]
                  }
               }
            },
            
            {
               "density" : 1,
               "friction" : 0.2000000029802322,
               "name" : "planter",
               "polygon" : 
               {
                  "vertices" : 
                  {
                     "x" : 
                     [
                        0.2367107868194580,
                        0.1858112812042236,
                        0.1480972766876221,
                        0.1059341430664062,
                        0.1693661212921143
                     ],
                     "y" : 
                     [
                        -0.1368653774261475,
                        0.1039314270019531,
                        0.1442890167236328,
                        0.1456444263458252,
                        -0.1162157058715820
                     ]
                  }
               }
            },
            
            {
               "density" : 1,
               "friction" : 0.2000000029802322,
               "name" : "planter",
               "polygon" : 
               {
                  "vertices" : 
                  {
                     "x" : 
                     [
                        0.2051393985748291,
                        0.1376290321350098,
                        0.1059341430664062,
                        0.1480972766876221,
                        0.1864931583404541
                     ],
                     "y" : 
                     [
                        0.2459800243377686,
                        0.2465765476226807,
                        0.1456444263458252,
                        0.1442890167236328,
                        0.1894023418426514
                     ]
                  }
               }
            }
         ],
         "linearDamping" : 0.50,
         "linearVelocity" : 0,
         "massData-I" : 0.003761602332815528,
         "massData-center" : 
         {
            "x" : -0.0005216965801082551,
            "y" : -0.03983721882104874
         },
         "massData-mass" : 0.08015337586402893,
         "name" : "planter",
         "position" : 
         {
            "x" : 2.619081258773804,
            "y" : 2.798252105712891
         },
         "type" : 2
      },
      
      {
         "angle" : 0.2005670964717865,
         "angularVelocity" : 0,
         "awake" : true,
         "fixture" : 
         [
            
            {
               "density" : 1,
               "filter-maskBits" : 65534,
               "friction" : 0.2000000029802322,
               "name" : "fixture3",
               "polygon" : 
               {
                  "vertices" : 
                  {
                     "x" : [ 0.1631970405578613, -0.08159852027893066, -0.08159852027893066 ],
                     "y" : [ 0.0, 0.1413328647613525, -0.1413328647613525 ]
                  }
               }
            }
         ],
         "linearVelocity" : 0,
         "massData-I" : 0.0002303623477928340,
         "massData-mass" : 0.03459765762090683,
         "name" : "body3",
         "position" : 
         {
            "x" : -3.897645473480225,
            "y" : 3.266430616378784
         },
         "type" : 2
      },
      
      {
         "angle" : 0,
         "angularVelocity" : 0,
         "awake" : true,
         "fixture" : 
         [
            
            {
               "density" : 1,
               "friction" : 0.2000000029802322,
               "name" : "fixture1",
               "polygon" : 
               {
                  "vertices" : 
                  {
                     "x" : 
                     [
                        0.5179870724678040,
                        0.2084645181894302,
                        0.1874718815088272,
                        0.2622436881065369
                     ],
                     "y" : 
                     [
                        -0.5179870128631592,
                        0.7921500205993652,
                        -0.1745815277099609,
                        -0.5179870128631592
                     ]
                  }
               }
            },
            
            {
               "density" : 1,
               "friction" : 0.2000000029802322,
               "name" : "fixture1",
               "polygon" : 
               {
                  "vertices" : 
                  {
                     "x" : 
                     [
                        0.2084645181894302,
                        -0.2084645181894302,
                        -0.1676947921514511,
                        0.1874718815088272
                     ],
                     "y" : 
                     [
                        0.7921500205993652,
                        0.7921500205993652,
                        -0.1745815277099609,
                        -0.1745815277099609
                     ]
                  }
               }
            },
            
            {
               "density" : 1,
               "friction" : 0.2000000029802322,
               "name" : "fixture1",
               "polygon" : 
               {
                  "vertices" : 
                  {
                     "x" : 
                     [
                        -0.1676947921514511,
                        -0.2084645181894302,
                        -0.5179870724678040,
                        -0.2237733006477356
                     ],
                     "y" : 
                     [
                        -0.1745815277099609,
                        0.7921500205993652,
                        -0.5179870128631592,
                        -0.5179870128631592
                     ]
                  }
               }
            }
         ],
         "linearVelocity" : 0,
         "name" : "body1",
         "position" : 
         {
            "x" : -2.152101993560791,
            "y" : 4.694505691528320
         },
         "type" : 0
      },
      
      {
         "angle" : -1.570796251296997,
         "angularVelocity" : 0,
         "awake" : true,
         "fixture" : 
         [
            
            {
               "density" : 1,
               "friction" : 0.2000000029802322,
               "name" : "fixture1",
               "polygon" : 
               {
                  "vertices" : 
                  {
                     "x" : 
                     [
                        0.4084295928478241,
                        0.4003620147705078,
                        0.3176679611206055,
                        0.1744649410247803,
                        -0.3126252591609955,
                        -0.3126251995563507,
                        0.1542956382036209,
                        0.3297693431377411
                     ],
                     "y" : 
                     [
                        -0.3241325914859772,
                        -0.1506761610507965,
                        -0.01554122008383274,
                        0.08530579507350922,
                        0.01354770082980394,
                        -0.5486067533493042,
                        -0.5459958314895630,
                        -0.4814538061618805
                     ]
                  }
               }
            },
            
            {
               "density" : 1,
               "friction" : 0.2000000029802322,
               "name" : "fixture1",
               "polygon" : 
               {
                  "vertices" : 
                  {
                     "x" : 
                     [
                        0.3084135353565216,
                        0.2743034660816193,
                        0.1059930771589279,
                        -0.3126253485679626,
                        -0.3126252591609955,
                        0.1744649410247803,
                        0.2832443714141846
                     ],
                     "y" : 
                     [
                        0.3509471714496613,
                        0.4961664378643036,
                        0.6012272238731384,
                        0.5992101430892944,
                        0.01354770082980394,
                        0.08530579507350922,
                        0.1939616650342941
                     ]
                  }
               }
            }
         ],
         "linearVelocity" : 0,
         "massData-I" : 0.09979983419179916,
         "massData-center" : 
         {
            "x" : 0.0009620151831768453,
            "y" : 0.004215829540044069
         },
         "massData-mass" : 0.7095975279808044,
         "name" : "body1",
         "position" : 
         {
            "x" : -2.139033317565918,
            "y" : 1.166043519973755
         },
         "type" : 2
      },
      
      {
         "angle" : -1.570796251296997,
         "angularVelocity" : 0,
         "awake" : true,
         "fixture" : 
         [
            
            {
               "density" : 1,
               "friction" : 0.2000000029802322,
               "name" : "fixture1",
               "polygon" : 
               {
                  "vertices" : 
                  {
                     "x" : 
                     [
                        0.4084295928478241,
                        0.4003620147705078,
                        0.3176679611206055,
                        0.1744649410247803,
                        -0.3126252591609955,
                        -0.3126251995563507,
                        0.1542956382036209,
                        0.3297693431377411
                     ],
                     "y" : 
                     [
                        -0.3241325914859772,
                        -0.1506761610507965,
                        -0.01554122008383274,
                        0.08530579507350922,
                        0.01354770082980394,
                        -0.5486067533493042,
                        -0.5459958314895630,
                        -0.4814538061618805
                     ]
                  }
               }
            },
            
            {
               "density" : 1,
               "friction" : 0.2000000029802322,
               "name" : "fixture1",
               "polygon" : 
               {
                  "vertices" : 
                  {
                     "x" : 
                     [
                        0.3084135353565216,
                        0.2743034660816193,
                        0.1059930771589279,
                        -0.3126253485679626,
                        -0.3126252591609955,
                        0.1744649410247803,
                        0.2832443714141846
                     ],
                     "y" : 
                     [
                        0.3509471714496613,
                        0.4961664378643036,
                        0.6012272238731384,
                        0.5992101430892944,
                        0.01354770082980394,
                        0.08530579507350922,
                        0.1939616650342941
                     ]
                  }
               }
            }
         ],
         "linearVelocity" : 0,
         "massData-I" : 0.09979983419179916,
         "massData-center" : 
         {
            "x" : 0.0009620151831768453,
            "y" : 0.004215829540044069
         },
         "massData-mass" : 0.7095975279808044,
         "name" : "body1",
         "position" : 
         {
            "x" : -2.160430908203125,
            "y" : 3.622398138046265
         },
         "type" : 2
      },
      
      {
         "angle" : 0,
         "angularVelocity" : 0,
         "awake" : true,
         "fixture" : 
         [
            
            {
               "density" : 1,
               "friction" : 0.2000000029802322,
               "name" : "fixture4",
               "polygon" : 
               {
                  "vertices" : 
                  {
                     "x" : 
                     [
                        0.1536207199096680,
                        0.1536207199096680,
                        -0.1536207199096680,
                        -0.1536207199096680
                     ],
                     "y" : 
                     [
                        -0.1536209583282471,
                        0.1536209583282471,
                        0.1536209583282471,
                        -0.1536209583282471
                     ]
                  }
               }
            }
         ],
         "linearVelocity" : 0,
         "massData-I" : 0.001485146465711296,
         "massData-mass" : 0.09439744800329208,
         "name" : "body4",
         "position" : 
         {
            "x" : 3.541997909545898,
            "y" : 1.671958208084106
         },
         "type" : 2
      },
      
      {
         "angle" : 1.570796251296997,
         "angularVelocity" : 0,
         "awake" : true,
         "fixture" : 
         [
            
            {
               "circle" : 
               {
                  "center" : 
                  {
                     "x" : 0.387550026178360,
                     "y" : -0.7048519849777222
                  },
                  "radius" : 0.1033563390374184
               },
               "density" : 1,
               "friction" : 0.2000000029802322,
               "name" : "swivel1"
            },
            
            {
               "density" : 1,
               "friction" : 0.2000000029802322,
               "name" : "post1",
               "polygon" : 
               {
                  "vertices" : 
                  {
                     "x" : 
                     [
                        0.6298431158065796,
                        0.5225141048431396,
                        0.4103040099143982,
                        0.4868060350418091
                     ],
                     "y" : 
                     [
                        -0.4576979577541351,
                        -0.4296789467334747,
                        -0.6032849550247192,
                        -0.6748449802398682
                     ]
                  }
               }
            },
            
            {
               "density" : 1,
               "friction" : 0.2000000029802322,
               "name" : "post1",
               "polygon" : 
               {
                  "vertices" : 
                  {
                     "x" : 
                     [
                        0.6298431158065796,
                        0.6035750508308411,
                        0.4879550337791443,
                        0.5225141048431396
                     ],
                     "y" : 
                     [
                        -0.4576979577541351,
                        -0.1053639501333237,
                        -0.1719009578227997,
                        -0.4296789467334747
                     ]
                  }
               }
            },
            
            {
               "density" : 1,
               "friction" : 0.2000000029802322,
               "name" : "post1",
               "polygon" : 
               {
                  "vertices" : 
                  {
                     "x" : 
                     [
                        0.6035750508308411,
                        0.3925920128822327,
                        0.3024290204048157,
                        0.4879550337791443
                     ],
                     "y" : 
                     [
                        -0.1053639501333237,
                        0.2423110604286194,
                        0.1346340477466583,
                        -0.1719009578227997
                     ]
                  }
               }
            },
            
            {
               "density" : 1,
               "friction" : 0.2000000029802322,
               "name" : "post1",
               "polygon" : 
               {
                  "vertices" : 
                  {
                     "x" : 
                     [
                        0.3925920128822327,
                        -0.01124596595764160,
                        -0.03789198398590088,
                        0.3024290204048157
                     ],
                     "y" : 
                     [
                        0.2423110604286194,
                        0.4394920468330383,
                        0.2939070463180542,
                        0.1346340477466583
                     ]
                  }
               }
            },
            
            {
               "density" : 1,
               "friction" : 0.2000000029802322,
               "name" : "post1",
               "polygon" : 
               {
                  "vertices" : 
                  {
                     "x" : 
                     [
                        -0.01124596595764160,
                        -0.6942299604415894,
                        -0.6933100223541260,
                        -0.03789198398590088
                     ],
                     "y" : 
                     [
                        0.4394920468330383,
                        0.5103470683097839,
                        0.3438050746917725,
                        0.2939070463180542
                     ]
                  }
               }
            },
            
            {
               "density" : 1,
               "friction" : 0.2000000029802322,
               "name" : "post1",
               "polygon" : 
               {
                  "vertices" : 
                  {
                     "x" : 
                     [
                        -0.6933100223541260,
                        -0.6942299604415894,
                        -2.630589962005615,
                        -2.630529880523682
                     ],
                     "y" : 
                     [
                        0.3438050746917725,
                        0.5103470683097839,
                        0.5062170624732971,
                        0.3520970344543457
                     ]
                  }
               }
            }
         ],
         "linearVelocity" : 0,
         "name" : "post1",
         "position" : 
         {
            "x" : 1.875886201858521,
            "y" : 3.208961963653564
         },
         "type" : 0
      },
      
      {
         "angle" : 0,
         "angularVelocity" : 0,
         "awake" : true,
         "fixture" : 
         [
            
            {
               "circle" : 
               {
                  "center" : 0,
                  "radius" : 0.1414152383804321
               },
               "density" : 1.750,
               "friction" : 0.2000000029802322,
               "name" : "fixture0"
            }
         ],
         "linearVelocity" : 0,
         "massData-I" : 0.001099367160350084,
         "massData-mass" : 0.1099462360143661,
         "name" : "body0",
         "position" : 
         {
            "x" : -0.3648568391799927,
            "y" : 1.386623144149780
         },
         "type" : 2
      }
   ],
   "continuousPhysics" : true,
   "gravity" : 
   {
      "x" : 0,
      "y" : -10.0
   },
   "joint" : 
   [
      
      {
         "anchorA" : 
         {
            "x" : 0.5872058868408203,
            "y" : 0.2674100399017334
         },
         "anchorB" : 
         {
            "x" : -0.07264175266027451,
            "y" : -0.1248809769749641
         },
         "bodyA" : 10,
         "bodyB" : 17,
         "enableLimit" : false,
         "enableMotor" : false,
         "jointSpeed" : 0,
         "lowerLimit" : 0,
         "maxMotorTorque" : 0,
         "motorSpeed" : 0,
         "name" : "joint3",
         "refAngle" : 0,
         "type" : "revolute",
         "upperLimit" : 0
      },
      
      {
         "anchorA" : 
         {
            "x" : 1.182459950447083,
            "y" : 4.388679981231689
         },
         "anchorB" : 
         {
            "x" : -0.008496342226862907,
            "y" : -0.7663159966468811
         },
         "bodyA" : 9,
         "bodyB" : 7,
         "maxForce" : 2.0,
         "maxTorque" : 2.0,
         "name" : "joint6",
         "type" : "friction"
      },
      
      {
         "anchorA" : 
         {
            "x" : 0.3852919340133667,
            "y" : -0.4668831825256348
         },
         "anchorB" : 
         {
            "x" : -0.2598640620708466,
            "y" : 0.3963619768619537
         },
         "bodyA" : 18,
         "bodyB" : 20,
         "dampingRatio" : 0.6999999880790710,
         "frequency" : 2.0,
         "length" : 0.3688994646072388,
         "name" : "joint0",
         "type" : "distance"
      },
      
      {
         "anchorA" : 
         {
            "x" : 0.1713409423828125,
            "y" : 0.7266411781311035
         },
         "anchorB" : 
         {
            "x" : -0.2475500106811523,
            "y" : -0.4899268150329590
         },
         "bodyA" : 18,
         "bodyB" : 6,
         "dampingRatio" : 0.6999999880790710,
         "frequency" : 4.0,
         "name" : "joint5",
         "refAngle" : 0,
         "type" : "weld"
      },
      
      {
         "anchorA" : 
         {
            "x" : 0.3852919340133667,
            "y" : -0.4668831825256348
         },
         "anchorB" : 
         {
            "x" : -0.2598640620708466,
            "y" : 0.3963619768619537
         },
         "bodyA" : 13,
         "bodyB" : 19,
         "dampingRatio" : 0,
         "frequency" : 0,
         "length" : 0.3688994646072388,
         "name" : "joint0",
         "type" : "distance"
      },
      
      {
         "anchorA" : 
         {
            "x" : 5.073556900024414,
            "y" : 5.295198440551758
         },
         "anchorB" : 0,
         "bodyA" : 9,
         "bodyB" : 4,
         "collideConnected" : true,
         "correctionFactor" : 0.2000000029802322,
         "maxForce" : 5.0,
         "maxTorque" : 1,
         "name" : "joint7",
         "refAngle" : 0,
         "type" : "motor"
      },
      
      {
         "anchorA" : 
         {
            "x" : -0.3608253002166748,
            "y" : -0.4550399780273438
         },
         "anchorB" : 
         {
            "x" : -0.2733991444110870,
            "y" : -0.3497552573680878
         },
         "bodyA" : 13,
         "bodyB" : 19,
         "dampingRatio" : 0,
         "frequency" : 0,
         "length" : 0.3688994646072388,
         "name" : "joint0",
         "type" : "distance"
      },
      
      {
         "anchorA" : 
         {
            "x" : -0.3775166273117065,
            "y" : -0.6902129650115967
         },
         "anchorB" : 0,
         "bodyA" : 15,
         "bodyB" : 23,
         "enableMotor" : false,
         "localAxisA" : 
         {
            "x" : 0.1247129365801811,
            "y" : 0.9921928644180298
         },
         "maxMotorTorque" : 0,
         "motorSpeed" : 0,
         "name" : "joint1",
         "springDampingRatio" : 0.6999999880790710,
         "springFrequency" : 4.0,
         "type" : "wheel"
      },
      
      {
         "anchorA" : 
         {
            "x" : 0.3875518441200256,
            "y" : -0.7048513889312744
         },
         "anchorB" : 
         {
            "x" : 0.0007066726684570312,
            "y" : 0.1455910205841064
         },
         "bodyA" : 22,
         "bodyB" : 16,
         "collideConnected" : true,
         "maxLength" : 0.7841941118240356,
         "name" : "planter",
         "type" : "rope"
      },
      
      {
         "anchorA" : 
         {
            "x" : 0.3952000141143799,
            "y" : -0.6902129650115967
         },
         "anchorB" : 0,
         "bodyA" : 15,
         "bodyB" : 11,
         "enableMotor" : false,
         "localAxisA" : 
         {
            "x" : -0.1353071928024292,
            "y" : 0.9908037185668945
         },
         "maxMotorTorque" : 0,
         "motorSpeed" : 0,
         "name" : "joint1",
         "springDampingRatio" : 0.6999999880790710,
         "springFrequency" : 4.0,
         "type" : "wheel"
      },
      
      {
         "anchorA" : 
         {
            "x" : 5.317830085754395,
            "y" : -0.08383721113204956
         },
         "anchorB" : 
         {
            "x" : 0.4408578872680664,
            "y" : -0.07284748554229736
         },
         "bodyA" : 9,
         "bodyB" : 5,
         "enableLimit" : true,
         "enableMotor" : true,
         "localAxisA" : 
         {
            "x" : 0.3774665296077728,
            "y" : 0.9260233044624329
         },
         "lowerLimit" : 0,
         "maxMotorForce" : 50.0,
         "motorSpeed" : 0.50,
         "name" : "joint2",
         "refAngle" : 0,
         "type" : "prismatic",
         "upperLimit" : 2.236047744750977
      },
      
      {
         "anchorA" : 
         {
            "x" : 0.587198019027710,
            "y" : -0.2672090530395508
         },
         "anchorB" : 
         {
            "x" : -0.01814758032560349,
            "y" : 0.1431329101324081
         },
         "bodyA" : 10,
         "bodyB" : 2,
         "enableLimit" : false,
         "enableMotor" : false,
         "jointSpeed" : 0,
         "lowerLimit" : 0,
         "maxMotorTorque" : 0,
         "motorSpeed" : 0,
         "name" : "joint4",
         "refAngle" : 0,
         "type" : "revolute",
         "upperLimit" : 0
      },
      
      {
         "anchorA" : 
         {
            "x" : 0.5532090663909912,
            "y" : 0.02383617684245110
         },
         "anchorB" : 0,
         "bodyA" : 3,
         "bodyB" : 10,
         "enableLimit" : false,
         "enableMotor" : false,
         "jointSpeed" : 0,
         "lowerLimit" : 0,
         "maxMotorTorque" : 0,
         "motorSpeed" : 0,
         "name" : "rotor",
         "refAngle" : 0,
         "type" : "revolute",
         "upperLimit" : 0
      },
      
      {
         "anchorA" : 
         {
            "x" : -0.3608253002166748,
            "y" : -0.4550399780273438
         },
         "anchorB" : 
         {
            "x" : -0.2733991444110870,
            "y" : -0.3497552573680878
         },
         "bodyA" : 18,
         "bodyB" : 20,
         "dampingRatio" : 0.6999999880790710,
         "frequency" : 2.0,
         "length" : 0.3688994646072388,
         "name" : "joint0",
         "type" : "distance"
      }
   ],
   "positionIterations" : 3,
   "stepsPerSecond" : 60.0,
   "subStepping" : false,
   "velocityIterations" : 8,
   "warmStarting" : true
}
